{
  "home_advantage": 0.48606349252460546,
  "OffRating_diff": 0.6336476110230411,
  "Off_eFG_diff": -0.11394990075670057,
  "Off_3P%_diff": -0.033014085807190716,
  "Off_2P%_diff": 0.12518737143375863,
  "Off_FT%_diff": 0.038778015528900756,
  "Off_3PA%_diff": 0.04533779921768842,
  "Off_TOV%_diff": -0.10247630792563009,
  "Off_FTR_diff": -0.010131266239016626,
  "Off_A%_diff": 0.04890592650988852,
  "Off_OR%_diff": 0.12801368766766746,
  "DefRating_diff": -0.7524255755973946,
  "Def_eFG_allowed_diff": 0.1267422874574797,
  "Def_3P%_allowed_diff": 0.10446402179989155,
  "Def_2P%_allowed_diff": 0.001985546395410993,
  "Def_FT%_allowed_diff": 0.05228475426412727,
  "Def_3PA%_allowed_diff": -0.04400972045195691,
  "Def_TOV%_diff": -0.09715561734968912,
  "Def_DR%_diff": 0.01186300937732269,
  "Def_BLK%_diff": 0.06873228924296773,
  "Def_STL%_diff": 0.09758666457844643,
  "Poss_diff": 0.006842397469722326
}