{
  "home_advantage": 0.0006807197476798802,
  "OffRating_diff": 0.018159913256825786,
  "Off_eFG_diff": 7.36273731125743e-05,
  "Off_3P%_diff": -2.0840763238979895e-05,
  "Off_2P%_diff": 0.0001203054902323756,
  "Off_FT%_diff": 6.057079650576556e-05,
  "Off_3PA%_diff": 4.487062450412296e-05,
  "Off_TOV%_diff": -3.084319222700075e-05,
  "Off_FTR_diff": 0.0003146028091872668,
  "Off_A%_diff": -0.00016868256056405527,
  "Off_OR%_diff": -1.1872145771203169e-05,
  "DefRating_diff": -0.0013279142224929686,
  "Def_eFG_allowed_diff": 1.062293167154335e-05,
  "Def_3P%_allowed_diff": 1.3447486350213803e-05,
  "Def_2P%_allowed_diff": 2.3176239376559143e-06,
  "Def_FT%_allowed_diff": -0.00013743989439070212,
  "Def_3PA%_allowed_diff": -9.884592197322878e-06,
  "Def_TOV%_diff": -3.927140710051742e-05,
  "Def_DR%_diff": 0.00015174126139631816,
  "Def_BLK%_diff": 4.1331946702394816e-05,
  "Def_STL%_diff": 2.703739736255531e-05,
  "Poss_diff": 0.006781741973802755
}