{
  "home_advantage": 0.9448255996362609,
  "OffRating_diff": 11.07350762953643,
  "Off_eFG_diff": 0.05548682665125654,
  "Off_3P%_diff": 0.05835308510237635,
  "Off_2P%_diff": 0.0640981452758097,
  "Off_FT%_diff": 0.0788050977059106,
  "Off_3PA%_diff": 0.08045624475202781,
  "Off_TOV%_diff": 0.03572530513251186,
  "Off_FTR_diff": 0.09191225873411298,
  "Off_A%_diff": 0.09154374421035079,
  "Off_OR%_diff": 0.06900790553818663,
  "DefRating_diff": 10.459169800693974,
  "Def_eFG_allowed_diff": 0.053503765102823016,
  "Def_3P%_allowed_diff": 0.05737970710065998,
  "Def_2P%_allowed_diff": 0.06089768563046368,
  "Def_FT%_allowed_diff": 0.06866675323135087,
  "Def_3PA%_allowed_diff": 0.07031744801947222,
  "Def_TOV%_diff": 0.03801528095065497,
  "Def_DR%_diff": 0.057106875807948,
  "Def_BLK%_diff": 0.0439653574867462,
  "Def_STL%_diff": 0.02827274157503768,
  "Poss_diff": 4.75222191636797
}