{
  "home_advantage": 0.19584744314202218,
  "OffRating_diff": 0.28828543044050386,
  "Off_eFG_diff": 0.027230660701432523,
  "Off_3P%_diff": 0.014035466773439972,
  "Off_2P%_diff": 0.02485470673116423,
  "Off_FT%_diff": 0.012507800633085006,
  "Off_3PA%_diff": 0.011384428238737272,
  "Off_TOV%_diff": 0.020100165476109443,
  "Off_FTR_diff": 0.012456499401339022,
  "Off_A%_diff": 0.012867818359093675,
  "Off_OR%_diff": 0.0313025982917157,
  "DefRating_diff": 0.16810219041500649,
  "Def_eFG_allowed_diff": 0.02293025747307759,
  "Def_3P%_allowed_diff": 0.012140494644464681,
  "Def_2P%_allowed_diff": 0.03281587449759372,
  "Def_FT%_allowed_diff": 0.010477996347263072,
  "Def_3PA%_allowed_diff": 0.011934412881266641,
  "Def_TOV%_diff": 0.016821834806489955,
  "Def_DR%_diff": 0.021666110778227454,
  "Def_BLK%_diff": 0.018402997776471027,
  "Def_STL%_diff": 0.023934932198387215,
  "Poss_diff": 0.009899879993109274
}