{
  "home_advantage": 0.15531183036666657,
  "OffRating_diff": 0.20246937239474375,
  "Off_eFG_diff": 0.03641040302101536,
  "Off_3P%_diff": 0.01054898829773235,
  "Off_2P%_diff": 0.04000111116179859,
  "Off_FT%_diff": 0.012390736318209942,
  "Off_3PA%_diff": 0.014486783495551577,
  "Off_TOV%_diff": 0.03274424678652874,
  "Off_FTR_diff": 0.003237242721811765,
  "Off_A%_diff": 0.015626906934681915,
  "Off_OR%_diff": 0.0409042037705511,
  "DefRating_diff": 0.2404224862759227,
  "Def_eFG_allowed_diff": 0.040497953359216556,
  "Def_3P%_allowed_diff": 0.033379380847828634,
  "Def_2P%_allowed_diff": 0.0006344414869495833,
  "Def_FT%_allowed_diff": 0.016706543507012943,
  "Def_3PA%_allowed_diff": 0.014062422589725222,
  "Def_TOV%_diff": 0.0310441269361941,
  "Def_DR%_diff": 0.0037905864735472746,
  "Def_BLK%_diff": 0.02196202309326097,
  "Def_STL%_diff": 0.031181859424032378,
  "Poss_diff": 0.0021863507370182226
}